<?xml version="1.0" encoding="UTF-8"?>
<beans:beans xmlns="http://www.springframework.org/schema/mvc"
	xmlns:xsi="http://www.w3.org/2001/XMLSchema-instance"
	xmlns:beans="http://www.springframework.org/schema/beans"
	xmlns:context="http://www.springframework.org/schema/context"
	xmlns:hadoop="http://www.springframework.org/schema/hadoop"
	xmlns:task="http://www.springframework.org/schema/task"
	xsi:schemaLocation="http://www.springframework.org/schema/hadoop http://www.springframework.org/schema/hadoop/spring-hadoop.xsd
		http://www.springframework.org/schema/mvc https://www.springframework.org/schema/mvc/spring-mvc.xsd
		http://www.springframework.org/schema/task http://www.springframework.org/schema/task/spring-task-4.3.xsd
		http://www.springframework.org/schema/beans https://www.springframework.org/schema/beans/spring-beans.xsd
		http://www.springframework.org/schema/context https://www.springframework.org/schema/context/spring-context.xsd">

	<!-- DispatcherServlet Context: defines this servlet's request-processing 
		infrastructure -->

	<!-- Enables the Spring MVC @Controller programming model -->
	<annotation-driven />
	<task:annotation-driven/>
	
	   <hadoop:configuration id="hdConf">
      fs.defaultFS=hdfs://192.168.111.120:9000
   </hadoop:configuration>
	<!-- Handles HTTP GET requests for /resources/** by efficiently serving 
		up static resources in the ${webappRoot}/resources directory -->
	<resources mapping="/resources/**" location="/resources/" />
	<!-- html은 resources 에 넣어놔야함 -->
	<!-- Resolves views selected for rendering by @Controllers to .jsp resources 
		in the /WEB-INF/views directory -->

	<beans:bean
		class="org.springframework.web.servlet.view.InternalResourceViewResolver">
		<beans:property name="prefix" value="/WEB-INF/views/" />
		<beans:property name="suffix" value=".jsp" />
	</beans:bean>

	<context:component-scan
		base-package="my.spring.springedu" />

	<beans:bean id="multipartResolver"
		class="org.springframework.web.multipart.commons.CommonsMultipartResolver" />

	<context:component-scan base-package="service" />
	<context:component-scan base-package="dao" />
	<context:component-scan base-package="vo" />
	<beans:bean id="hiveDriver" class="org.apache.hive.jdbc.HiveDriver"/>
	
   <beans:bean id="hiveDataSource" 
       		class="org.springframework.jdbc.datasource.SimpleDriverDataSource">
  	<beans:constructor-arg name="driver" ref="hiveDriver"/>
  	<beans:constructor-arg name="url" value="jdbc:hive2://192.168.111.120:10000/mydb"/>
  	<beans:constructor-arg name="username" value="root"/>
  	<beans:constructor-arg name="password" value="password"/>
   </beans:bean>
	
<!-- 	<beans:bean id="dataSource"

		class="org.springframework.jdbc.datasource.DriverManagerDataSource">
		<beans:property name="driverClassName"
			value="oracle.jdbc.OracleDriver" />
		<beans:property name="url"
			value="jdbc:oracle:thin:@localhost:1521:XE" />
		<beans:property name="username" value="jdbctest" />
		<beans:property name="password" value="jdbctest" />
	</beans:bean>

	<beans:bean id="sqlSessionFactory"
		class="org.mybatis.spring.SqlSessionFactoryBean">
		<beans:property name="dataSource" ref="dataSource" />
		<beans:property name="configLocation"
			value="classpath:/mybatis-config.xml" />
		<beans:property name="mapperLocations"
			value="classpath:/*Mapper.xml" />
	</beans:bean>

	<beans:bean id="sqlSession"
		class="org.mybatis.spring.SqlSessionTemplate"
		destroy-method="clearCache">
		<beans:constructor-arg index="0"
			ref="sqlSessionFactory"></beans:constructor-arg>
	</beans:bean> -->

</beans:beans>

