<?xml version="1.0" encoding="UTF-8"?>
<Configuration>
	<Appenders> 
		<File name="A1" fileName="c:/logtest1/myLogA1.log" append="true">
			<PatternLayout pattern="%t %-5p %c{2} - %m%n" />
		</File>
		<File name="A2" fileName="c:/logtest2/myLogA2.log" append="true">
			<PatternLayout pattern="%d - %m%n" />
		</File>
		<File name="PRODUCTLOG1" fileName="c:/logtest/mylog.txt" append="true">
			<PatternLayout pattern="%d{yyyyMMddHHmm} %m%n" />
		</File>
		<File name="PRODUCTLOG2" fileName="c:/logtest/access.csv" append="true">
			<PatternLayout pattern="%d{yyyy,MM,dd,HH,mm},%m%n" />
		</File>
		<Console name="STDOUT1" target="SYSTEM_OUT">
			<PatternLayout pattern="%d %-5p [%t] %C{2} (%F:%L) - %m%n" />
		</Console>
		<Console name="STDOUT2" target="SYSTEM_OUT">
			<PatternLayout pattern="%p----%m%n" />			
		</Console>
		<Console name="STDOUT3" target="SYSTEM_OUT">
			<PatternLayout pattern="%d{yyyy,MM,dd,HH,mm},%m%n" />			
		</Console>
	</Appenders>
	<Loggers>
		<Logger name="case1" level="error">
			<AppenderRef ref="A1" />
		</Logger>
		<Logger name="case2" level="trace">
			<AppenderRef ref="A2" />
			<AppenderRef ref="STDOUT1" />
		</Logger>
		<Logger name="case3" level="info">
			<AppenderRef ref="PRODUCTLOG1" />
			<AppenderRef ref="PRODUCTLOG2" />
		</Logger>
		<Logger name="case4" level="info" >
			<AppenderRef ref="STDOUT2"  />
			<AppenderRef ref="A1"  />
		</Logger>
		<Logger name="case5" level="info">
			<AppenderRef ref="A2"  />		
		</Logger>
		
		<Logger name="resource.MeetingMapper" level="DEBUG"  additivity="false">
			<AppenderRef ref="STDOUT3"  />		
		</Logger>

		<Root level="error">
			<AppenderRef ref="STDOUT3" />			
		</Root>
	</Loggers>
</Configuration>